<?xml version="1.0" encoding="UTF-8" standalone="yes"?>
<addon id="plugin.video.globotv"
		name="Globo.tv"
		version="0.5.6"
		provider-name="vitorhirota">
	<requires>
		<import addon="xbmc.python" version="2.0"/>
		<import addon="script.module.requests" version="0.13.2"/>
		<import addon="script.module.xbmcswift2" version="1.1.1"/>
		<import addon="script.common.plugin.cache" version="0.9.1"/>
	</requires>
	<extension point="xbmc.python.pluginsource" library="addon.py">
		<provides>video</provides>
	</extension>
	<extension point="xbmc.addon.metadata">
		<summary>Globo.tv Videos on XBMC</summary>
		<summary language="pt">Globo.tv no XBMC</summary>
		<description language="pt">Globo.tv no XBMC</description>
		<platform>all</platform>
	</extension>
</addon>
