<?xml version="1.0" encoding="UTF-8" standalone="yes"?>
<addon id="plugin.video.globo.com"
		name="Globo.com"
		version="0.1.19"
		provider-name="vitorhirota">
	<requires>
		<import addon="xbmc.python" version="2.1.0"/>
		<import addon="script.module.beautifulsoup" version="3.2.1"/>
		<import addon="script.module.requests" version="0.13.2"/>
		<import addon="script.module.xbmcswift2" version="1.1.1"/>
		<import addon="script.common.plugin.cache" version="0.9.1"/>
	</requires>
	<extension point="xbmc.python.pluginsource" library="addon.py">
		<provides>video</provides>
	</extension>
	<extension point="xbmc.addon.metadata">
		<summary>Globo.com videos for subscribers: Globo+ and Globosat Play</summary>
		<summary language="pt">Globo+ e Globosat Play no Kodi</summary>
		<summary language="pt-BR">Globo+ e Globosat Play no Kodi</summary>
		<description>
						Globo+ and Globosat Play on Kodi.

						NOTE: before watching the globosat play videos, you need to access the webpage, accept the service use policy and create a profile. This addon will select automatically the first available profile.
		</description>
		<description language="pt">
						Globo+ e Globosat Play no Kodi.

						AVISO: antes de poder assistir aos vídeos do globosat play, você deve acessar a página web, aceitar a política de uso do serviço e criar um perfil. Este addon selecionará automaticamente o primeiro da lista.
		</description>
		<description language="pt-BR">
				Globo+ e Globosat Play no Kodi.

				AVISO: antes de poder assistir aos vídeos do globosat play, você deve acessar a página web, aceitar a política de uso do serviço e criar um perfil. Este addon selecionará automaticamente o primeiro da lista.
		</description>
		<platform>all</platform>
	</extension>
</addon>
